BEGIN TRANSACTION;
CREATE TABLE "auth_group" ("id" integer NOT NULL PRIMARY KEY AUTOINCREMENT, "name" varchar(150) NOT NULL UNIQUE);
CREATE TABLE "auth_group_permissions" ("id" integer NOT NULL PRIMARY KEY AUTOINCREMENT, "group_id" integer NOT NULL REFERENCES "auth_group" ("id") DEFERRABLE INITIALLY DEFERRED, "permission_id" integer NOT NULL REFERENCES "auth_permission" ("id") DEFERRABLE INITIALLY DEFERRED);
CREATE TABLE "auth_permission" ("id" integer NOT NULL PRIMARY KEY AUTOINCREMENT, "content_type_id" integer NOT NULL REFERENCES "django_content_type" ("id") DEFERRABLE INITIALLY DEFERRED, "codename" varchar(100) NOT NULL, "name" varchar(255) NOT NULL);
INSERT INTO "auth_permission" VALUES(1,1,'add_logentry','Can add log entry');
INSERT INTO "auth_permission" VALUES(2,1,'change_logentry','Can change log entry');
INSERT INTO "auth_permission" VALUES(3,1,'delete_logentry','Can delete log entry');
INSERT INTO "auth_permission" VALUES(4,1,'view_logentry','Can view log entry');
INSERT INTO "auth_permission" VALUES(5,2,'add_permission','Can add permission');
INSERT INTO "auth_permission" VALUES(6,2,'change_permission','Can change permission');
INSERT INTO "auth_permission" VALUES(7,2,'delete_permission','Can delete permission');
INSERT INTO "auth_permission" VALUES(8,2,'view_permission','Can view permission');
INSERT INTO "auth_permission" VALUES(9,3,'add_group','Can add group');
INSERT INTO "auth_permission" VALUES(10,3,'change_group','Can change group');
INSERT INTO "auth_permission" VALUES(11,3,'delete_group','Can delete group');
INSERT INTO "auth_permission" VALUES(12,3,'view_group','Can view group');
INSERT INTO "auth_permission" VALUES(13,4,'add_user','Can add user');
INSERT INTO "auth_permission" VALUES(14,4,'change_user','Can change user');
INSERT INTO "auth_permission" VALUES(15,4,'delete_user','Can delete user');
INSERT INTO "auth_permission" VALUES(16,4,'view_user','Can view user');
INSERT INTO "auth_permission" VALUES(17,5,'add_contenttype','Can add content type');
INSERT INTO "auth_permission" VALUES(18,5,'change_contenttype','Can change content type');
INSERT INTO "auth_permission" VALUES(19,5,'delete_contenttype','Can delete content type');
INSERT INTO "auth_permission" VALUES(20,5,'view_contenttype','Can view content type');
INSERT INTO "auth_permission" VALUES(21,6,'add_session','Can add session');
INSERT INTO "auth_permission" VALUES(22,6,'change_session','Can change session');
INSERT INTO "auth_permission" VALUES(23,6,'delete_session','Can delete session');
INSERT INTO "auth_permission" VALUES(24,6,'view_session','Can view session');
INSERT INTO "auth_permission" VALUES(25,7,'add_category','Can add category');
INSERT INTO "auth_permission" VALUES(26,7,'change_category','Can change category');
INSERT INTO "auth_permission" VALUES(27,7,'delete_category','Can delete category');
INSERT INTO "auth_permission" VALUES(28,7,'view_category','Can view category');
INSERT INTO "auth_permission" VALUES(29,8,'add_menuitem','Can add menu item');
INSERT INTO "auth_permission" VALUES(30,8,'change_menuitem','Can change menu item');
INSERT INTO "auth_permission" VALUES(31,8,'delete_menuitem','Can delete menu item');
INSERT INTO "auth_permission" VALUES(32,8,'view_menuitem','Can view menu item');
INSERT INTO "auth_permission" VALUES(33,9,'add_order','Can add order');
INSERT INTO "auth_permission" VALUES(34,9,'change_order','Can change order');
INSERT INTO "auth_permission" VALUES(35,9,'delete_order','Can delete order');
INSERT INTO "auth_permission" VALUES(36,9,'view_order','Can view order');
INSERT INTO "auth_permission" VALUES(37,10,'add_setting','Can add setting');
INSERT INTO "auth_permission" VALUES(38,10,'change_setting','Can change setting');
INSERT INTO "auth_permission" VALUES(39,10,'delete_setting','Can delete setting');
INSERT INTO "auth_permission" VALUES(40,10,'view_setting','Can view setting');
INSERT INTO "auth_permission" VALUES(41,11,'add_user','Can add user');
INSERT INTO "auth_permission" VALUES(42,11,'change_user','Can change user');
INSERT INTO "auth_permission" VALUES(43,11,'delete_user','Can delete user');
INSERT INTO "auth_permission" VALUES(44,11,'view_user','Can view user');
INSERT INTO "auth_permission" VALUES(45,12,'add_role','Can add role');
INSERT INTO "auth_permission" VALUES(46,12,'change_role','Can change role');
INSERT INTO "auth_permission" VALUES(47,12,'delete_role','Can delete role');
INSERT INTO "auth_permission" VALUES(48,12,'view_role','Can view role');
INSERT INTO "auth_permission" VALUES(49,13,'add_user','Can add Custom User');
INSERT INTO "auth_permission" VALUES(50,13,'change_user','Can change Custom User');
INSERT INTO "auth_permission" VALUES(51,13,'delete_user','Can delete Custom User');
INSERT INTO "auth_permission" VALUES(52,13,'view_user','Can view Custom User');
INSERT INTO "auth_permission" VALUES(53,14,'add_address','Can add address');
INSERT INTO "auth_permission" VALUES(54,14,'change_address','Can change address');
INSERT INTO "auth_permission" VALUES(55,14,'delete_address','Can delete address');
INSERT INTO "auth_permission" VALUES(56,14,'view_address','Can view address');
INSERT INTO "auth_permission" VALUES(57,15,'add_category','Can add category');
INSERT INTO "auth_permission" VALUES(58,15,'change_category','Can change category');
INSERT INTO "auth_permission" VALUES(59,15,'delete_category','Can delete category');
INSERT INTO "auth_permission" VALUES(60,15,'view_category','Can view category');
INSERT INTO "auth_permission" VALUES(61,16,'add_menuitem','Can add menu item');
INSERT INTO "auth_permission" VALUES(62,16,'change_menuitem','Can change menu item');
INSERT INTO "auth_permission" VALUES(63,16,'delete_menuitem','Can delete menu item');
INSERT INTO "auth_permission" VALUES(64,16,'view_menuitem','Can view menu item');
INSERT INTO "auth_permission" VALUES(65,17,'add_itemvariation','Can add item variation');
INSERT INTO "auth_permission" VALUES(66,17,'change_itemvariation','Can change item variation');
INSERT INTO "auth_permission" VALUES(67,17,'delete_itemvariation','Can delete item variation');
INSERT INTO "auth_permission" VALUES(68,17,'view_itemvariation','Can view item variation');
INSERT INTO "auth_permission" VALUES(69,18,'add_order','Can add order');
INSERT INTO "auth_permission" VALUES(70,18,'change_order','Can change order');
INSERT INTO "auth_permission" VALUES(71,18,'delete_order','Can delete order');
INSERT INTO "auth_permission" VALUES(72,18,'view_order','Can view order');
INSERT INTO "auth_permission" VALUES(73,19,'add_orderlineitem','Can add order line item');
INSERT INTO "auth_permission" VALUES(74,19,'change_orderlineitem','Can change order line item');
INSERT INTO "auth_permission" VALUES(75,19,'delete_orderlineitem','Can delete order line item');
INSERT INTO "auth_permission" VALUES(76,19,'view_orderlineitem','Can view order line item');
INSERT INTO "auth_permission" VALUES(77,20,'add_orderstatusevent','Can add order status event');
INSERT INTO "auth_permission" VALUES(78,20,'change_orderstatusevent','Can change order status event');
INSERT INTO "auth_permission" VALUES(79,20,'delete_orderstatusevent','Can delete order status event');
INSERT INTO "auth_permission" VALUES(80,20,'view_orderstatusevent','Can view order status event');
INSERT INTO "auth_permission" VALUES(81,21,'add_salesreport','Can add sales report');
INSERT INTO "auth_permission" VALUES(82,21,'change_salesreport','Can change sales report');
INSERT INTO "auth_permission" VALUES(83,21,'delete_salesreport','Can delete sales report');
INSERT INTO "auth_permission" VALUES(84,21,'view_salesreport','Can view sales report');
INSERT INTO "auth_permission" VALUES(85,22,'add_menupopularity','Can add menu popularity');
INSERT INTO "auth_permission" VALUES(86,22,'change_menupopularity','Can change menu popularity');
INSERT INTO "auth_permission" VALUES(87,22,'delete_menupopularity','Can delete menu popularity');
INSERT INTO "auth_permission" VALUES(88,22,'view_menupopularity','Can view menu popularity');
INSERT INTO "auth_permission" VALUES(89,23,'add_ordertracking','Can add order tracking');
INSERT INTO "auth_permission" VALUES(90,23,'change_ordertracking','Can change order tracking');
INSERT INTO "auth_permission" VALUES(91,23,'delete_ordertracking','Can delete order tracking');
INSERT INTO "auth_permission" VALUES(92,23,'view_ordertracking','Can view order tracking');
INSERT INTO "auth_permission" VALUES(93,24,'add_mediafile','Can add media file');
INSERT INTO "auth_permission" VALUES(94,24,'change_mediafile','Can change media file');
INSERT INTO "auth_permission" VALUES(95,24,'delete_mediafile','Can delete media file');
INSERT INTO "auth_permission" VALUES(96,24,'view_mediafile','Can view media file');
CREATE TABLE "auth_user" ("id" integer NOT NULL PRIMARY KEY AUTOINCREMENT, "password" varchar(128) NOT NULL, "last_login" datetime NULL, "is_superuser" bool NOT NULL, "username" varchar(150) NOT NULL UNIQUE, "last_name" varchar(150) NOT NULL, "email" varchar(254) NOT NULL, "is_staff" bool NOT NULL, "is_active" bool NOT NULL, "date_joined" datetime NOT NULL, "first_name" varchar(150) NOT NULL);
INSERT INTO "auth_user" VALUES(1,'pbkdf2_sha256$1000000$KjC3bKsJcXHLkZJeyICV10$SMuufwOrmWwYxLVHY8fQ/kM957vkHJa0fw5kYREl7sE=',NULL,1,'kurrinchi','','ethangabrielfernandez@gmail.com',1,1,'2025-10-19 16:02:42.148641','');
INSERT INTO "auth_user" VALUES(2,'pbkdf2_sha256$1000000$bLoNPVxXElk0WMLQ7AIRbZ$UxKe9RTrUcz4UHZ9B1X4vf4KA7OMyw9eTiisRglxhys=',NULL,1,'admin','','reyesmaryhannahcaryl@gmail.com',1,1,'2025-11-21 17:50:07.038857','');
CREATE TABLE "auth_user_groups" ("id" integer NOT NULL PRIMARY KEY AUTOINCREMENT, "user_id" integer NOT NULL REFERENCES "auth_user" ("id") DEFERRABLE INITIALLY DEFERRED, "group_id" integer NOT NULL REFERENCES "auth_group" ("id") DEFERRABLE INITIALLY DEFERRED);
CREATE TABLE "auth_user_user_permissions" ("id" integer NOT NULL PRIMARY KEY AUTOINCREMENT, "user_id" integer NOT NULL REFERENCES "auth_user" ("id") DEFERRABLE INITIALLY DEFERRED, "permission_id" integer NOT NULL REFERENCES "auth_permission" ("id") DEFERRABLE INITIALLY DEFERRED);
CREATE TABLE "categories" ("id" varchar(50) NOT NULL PRIMARY KEY, "name" varchar(100) NOT NULL, "description" text NULL, "display_order" integer NOT NULL, "created_at" datetime NOT NULL);
INSERT INTO "categories" VALUES('cat001','Appetizers','Starters and small bites',1,'2025-11-21 23:47:31.026311');
INSERT INTO "categories" VALUES('cat002','Main Course','Main dishes',2,'2025-11-21 23:47:31.030989');
INSERT INTO "categories" VALUES('cat003','Desserts','Sweet treats',3,'2025-11-21 23:47:31.037197');
INSERT INTO "categories" VALUES('cat004','Beverages','Drinks and refreshments',4,'2025-11-21 23:47:31.041764');
INSERT INTO "categories" VALUES('cat005','Sides','Side dishes',5,'2025-11-21 23:47:31.045930');
CREATE TABLE "django_admin_log" ("id" integer NOT NULL PRIMARY KEY AUTOINCREMENT, "object_id" text NULL, "object_repr" varchar(200) NOT NULL, "action_flag" smallint unsigned NOT NULL CHECK ("action_flag" >= 0), "change_message" text NOT NULL, "content_type_id" integer NULL REFERENCES "django_content_type" ("id") DEFERRABLE INITIALLY DEFERRED, "user_id" integer NOT NULL REFERENCES "auth_user" ("id") DEFERRABLE INITIALLY DEFERRED, "action_time" datetime NOT NULL);
CREATE TABLE "django_content_type" ("id" integer NOT NULL PRIMARY KEY AUTOINCREMENT, "app_label" varchar(100) NOT NULL, "model" varchar(100) NOT NULL);
INSERT INTO "django_content_type" VALUES(1,'admin','logentry');
INSERT INTO "django_content_type" VALUES(2,'auth','permission');
INSERT INTO "django_content_type" VALUES(3,'auth','group');
INSERT INTO "django_content_type" VALUES(4,'auth','user');
INSERT INTO "django_content_type" VALUES(5,'contenttypes','contenttype');
INSERT INTO "django_content_type" VALUES(6,'sessions','session');
INSERT INTO "django_content_type" VALUES(7,'admin_api','category');
INSERT INTO "django_content_type" VALUES(8,'admin_api','menuitem');
INSERT INTO "django_content_type" VALUES(9,'admin_api','order');
INSERT INTO "django_content_type" VALUES(10,'admin_api','setting');
INSERT INTO "django_content_type" VALUES(11,'admin_api','user');
INSERT INTO "django_content_type" VALUES(12,'users','role');
INSERT INTO "django_content_type" VALUES(13,'users','user');
INSERT INTO "django_content_type" VALUES(14,'users','address');
INSERT INTO "django_content_type" VALUES(15,'menu','category');
INSERT INTO "django_content_type" VALUES(16,'menu','menuitem');
INSERT INTO "django_content_type" VALUES(17,'menu','itemvariation');
INSERT INTO "django_content_type" VALUES(18,'orders','order');
INSERT INTO "django_content_type" VALUES(19,'orders','orderlineitem');
INSERT INTO "django_content_type" VALUES(20,'orders','orderstatusevent');
INSERT INTO "django_content_type" VALUES(21,'reports','salesreport');
INSERT INTO "django_content_type" VALUES(22,'reports','menupopularity');
INSERT INTO "django_content_type" VALUES(23,'tracking','ordertracking');
INSERT INTO "django_content_type" VALUES(24,'media','mediafile');
CREATE TABLE "django_migrations" ("id" integer NOT NULL PRIMARY KEY AUTOINCREMENT, "app" varchar(255) NOT NULL, "name" varchar(255) NOT NULL, "applied" datetime NOT NULL);
INSERT INTO "django_migrations" VALUES(1,'contenttypes','0001_initial','2025-10-19 16:02:12.829473');
INSERT INTO "django_migrations" VALUES(2,'auth','0001_initial','2025-10-19 16:02:12.861327');
INSERT INTO "django_migrations" VALUES(3,'admin','0001_initial','2025-10-19 16:02:12.885536');
INSERT INTO "django_migrations" VALUES(4,'admin','0002_logentry_remove_auto_add','2025-10-19 16:02:12.905954');
INSERT INTO "django_migrations" VALUES(5,'admin','0003_logentry_add_action_flag_choices','2025-10-19 16:02:12.921542');
INSERT INTO "django_migrations" VALUES(6,'contenttypes','0002_remove_content_type_name','2025-10-19 16:02:12.947859');
INSERT INTO "django_migrations" VALUES(7,'auth','0002_alter_permission_name_max_length','2025-10-19 16:02:12.964936');
INSERT INTO "django_migrations" VALUES(8,'auth','0003_alter_user_email_max_length','2025-10-19 16:02:12.983161');
INSERT INTO "django_migrations" VALUES(9,'auth','0004_alter_user_username_opts','2025-10-19 16:02:12.998709');
INSERT INTO "django_migrations" VALUES(10,'auth','0005_alter_user_last_login_null','2025-10-19 16:02:13.017785');
INSERT INTO "django_migrations" VALUES(11,'auth','0006_require_contenttypes_0002','2025-10-19 16:02:13.031827');
INSERT INTO "django_migrations" VALUES(12,'auth','0007_alter_validators_add_error_messages','2025-10-19 16:02:13.045886');
INSERT INTO "django_migrations" VALUES(13,'auth','0008_alter_user_username_max_length','2025-10-19 16:02:13.065484');
INSERT INTO "django_migrations" VALUES(14,'auth','0009_alter_user_last_name_max_length','2025-10-19 16:02:13.083045');
INSERT INTO "django_migrations" VALUES(15,'auth','0010_alter_group_name_max_length','2025-10-19 16:02:13.098890');
INSERT INTO "django_migrations" VALUES(16,'auth','0011_update_proxy_permissions','2025-10-19 16:02:13.111862');
INSERT INTO "django_migrations" VALUES(17,'auth','0012_alter_user_first_name_max_length','2025-10-19 16:02:13.133445');
INSERT INTO "django_migrations" VALUES(18,'sessions','0001_initial','2025-10-19 16:02:13.148770');
INSERT INTO "django_migrations" VALUES(19,'admin_api','0001_initial','2025-11-21 16:48:42.618569');
CREATE TABLE "django_session" ("session_key" varchar(40) NOT NULL PRIMARY KEY, "session_data" text NOT NULL, "expire_date" datetime NOT NULL);
CREATE TABLE "menu_items" ("id" varchar(50) NOT NULL PRIMARY KEY, "name" varchar(255) NOT NULL, "menuName" varchar(255) NULL, "description" text NULL, "price" decimal NOT NULL, "category" varchar(50) NOT NULL, "available" bool NOT NULL, "preparation_time" integer NOT NULL, "ingredients" text NOT NULL CHECK ((JSON_VALID("ingredients") OR "ingredients" IS NULL)), "image_url" text NULL, "created_at" datetime NOT NULL, "updated_at" datetime NOT NULL);
INSERT INTO "menu_items" VALUES('menu001','Spring Rolls','Vegetable Spring Rolls','Crispy rolls filled with fresh vegetables',8.99,'cat001',1,15,'["cabbage", "carrots", "spring roll wrapper"]','https://images.unsplash.com/photo-1529042410759-befb1204b468','2025-11-21 23:47:31.072084','2025-11-21 23:47:31.072104');
INSERT INTO "menu_items" VALUES('menu002','Garlic Bread','Garlic Bread Sticks','Toasted bread with garlic butter',6.99,'cat001',1,10,'["bread", "garlic", "butter"]','https://images.unsplash.com/photo-1573140401552-388e3aadb2b6','2025-11-21 23:47:31.075266','2025-11-21 23:47:31.075286');
INSERT INTO "menu_items" VALUES('menu003','Bruschetta','Tomato Bruschetta','Grilled bread with tomatoes and basil',9.99,'cat001',1,12,'["tomatoes", "basil", "bread", "olive oil"]','https://images.unsplash.com/photo-1572695157366-5e585ab2b69f','2025-11-21 23:47:31.079434','2025-11-21 23:47:31.079456');
INSERT INTO "menu_items" VALUES('menu004','Mozzarella Sticks','Fried Mozzarella','Breaded and fried mozzarella cheese',10.99,'cat001',1,15,'["mozzarella", "breadcrumbs"]','https://images.unsplash.com/photo-1531749668029-2db88e4276c7','2025-11-21 23:47:31.082758','2025-11-21 23:47:31.082777');
INSERT INTO "menu_items" VALUES('menu005','Margherita Pizza','Classic Margherita','Fresh mozzarella, tomato sauce, basil',15.99,'cat002',1,20,'["dough", "tomato sauce", "mozzarella", "basil"]','https://images.unsplash.com/photo-1574071318508-1cdbab80d002','2025-11-21 23:47:31.088217','2025-11-21 23:47:31.088238');
INSERT INTO "menu_items" VALUES('menu006','Pepperoni Pizza','Pepperoni Special','Classic pepperoni with cheese',17.99,'cat002',1,20,'["dough", "tomato sauce", "mozzarella", "pepperoni"]','https://images.unsplash.com/photo-1628840042765-356cda07504e','2025-11-21 23:47:31.093997','2025-11-21 23:47:31.094082');
INSERT INTO "menu_items" VALUES('menu007','Grilled Chicken','Herb Grilled Chicken','Juicy chicken breast with herbs',18.99,'cat002',1,25,'["chicken", "herbs", "olive oil"]','https://images.unsplash.com/photo-1598103442097-8b74394b95c6','2025-11-21 23:47:31.097279','2025-11-21 23:47:31.097296');
INSERT INTO "menu_items" VALUES('menu008','Beef Burger','Classic Beef Burger','Angus beef patty with fresh vegetables',16.99,'cat002',1,18,'["beef", "lettuce", "tomato", "bun", "cheese"]','https://images.unsplash.com/photo-1568901346375-23c9450c58cd','2025-11-21 23:47:31.101172','2025-11-21 23:47:31.101193');
INSERT INTO "menu_items" VALUES('menu009','Pasta Carbonara','Creamy Carbonara','Pasta with bacon and cream sauce',14.99,'cat002',1,20,'["pasta", "bacon", "cream", "parmesan"]','https://images.unsplash.com/photo-1612874742237-6526221588e3','2025-11-21 23:47:31.106284','2025-11-21 23:47:31.106394');
INSERT INTO "menu_items" VALUES('menu010','Salmon Steak','Grilled Salmon','Fresh salmon with lemon butter',22.99,'cat002',1,25,'["salmon", "lemon", "butter", "herbs"]','https://images.unsplash.com/photo-1467003909585-2f8a72700288','2025-11-21 23:47:31.110469','2025-11-21 23:47:31.110485');
INSERT INTO "menu_items" VALUES('menu011','Vegetable Stir Fry','Asian Veggie Stir Fry','Mixed vegetables in Asian sauce',13.99,'cat002',1,15,'["broccoli", "carrots", "bell peppers", "soy sauce"]','https://images.unsplash.com/photo-1512058564366-18510be2db19','2025-11-21 23:47:31.114597','2025-11-21 23:47:31.114614');
INSERT INTO "menu_items" VALUES('menu012','Fish Tacos','Baja Fish Tacos','Crispy fish with fresh slaw',15.99,'cat002',0,20,'["fish", "tortilla", "cabbage", "sauce"]','https://images.unsplash.com/photo-1551504734-5ee1c4a1479b','2025-11-21 23:47:31.120660','2025-11-21 23:47:31.120680');
INSERT INTO "menu_items" VALUES('menu013','Chocolate Cake','Rich Chocolate Cake','Decadent chocolate layered cake',8.99,'cat003',1,10,'["chocolate", "flour", "eggs", "sugar"]','https://images.unsplash.com/photo-1578985545062-69928b1d9587','2025-11-21 23:47:31.123570','2025-11-21 23:47:31.123586');
INSERT INTO "menu_items" VALUES('menu014','Tiramisu','Classic Tiramisu','Italian coffee-flavored dessert',9.99,'cat003',1,8,'["mascarpone", "coffee", "ladyfingers", "cocoa"]','https://images.unsplash.com/photo-1571877227200-a0d98ea607e9','2025-11-21 23:47:31.127154','2025-11-21 23:47:31.127172');
INSERT INTO "menu_items" VALUES('menu015','Cheesecake','New York Cheesecake','Creamy classic cheesecake',10.99,'cat003',1,10,'["cream cheese", "graham crackers", "sugar"]','https://images.unsplash.com/photo-1533134486753-c833f0ed4866','2025-11-21 23:47:31.130066','2025-11-21 23:47:31.130083');
INSERT INTO "menu_items" VALUES('menu016','Ice Cream','Vanilla Ice Cream','Premium vanilla ice cream',6.99,'cat003',1,5,'["cream", "vanilla", "sugar"]','https://images.unsplash.com/photo-1563805042-7684c019e1cb','2025-11-21 23:47:31.134011','2025-11-21 23:47:31.134029');
INSERT INTO "menu_items" VALUES('menu017','Apple Pie','Homemade Apple Pie','Warm apple pie with cinnamon',8.99,'cat003',1,12,'["apples", "cinnamon", "pastry"]','https://images.unsplash.com/photo-1535920527002-b35e96722eb9','2025-11-21 23:47:31.137029','2025-11-21 23:47:31.137046');
INSERT INTO "menu_items" VALUES('menu018','Coca Cola','Coca Cola Classic','Refreshing cola drink',3.99,'cat004',1,2,'["cola"]','https://images.unsplash.com/photo-1554866585-cd94860890b7','2025-11-21 23:47:31.141625','2025-11-21 23:47:31.141644');
INSERT INTO "menu_items" VALUES('menu019','Fresh Orange Juice','Freshly Squeezed OJ','100% fresh orange juice',5.99,'cat004',1,5,'["oranges"]','https://images.unsplash.com/photo-1600271886742-f049cd451bba','2025-11-21 23:47:31.144514','2025-11-21 23:47:31.144531');
INSERT INTO "menu_items" VALUES('menu020','Iced Coffee','Cold Brew Coffee','Smooth cold brew coffee',4.99,'cat004',1,3,'["coffee", "ice"]','https://images.unsplash.com/photo-1517487881594-2787fef5ebf7','2025-11-21 23:47:31.148772','2025-11-21 23:47:31.148792');
INSERT INTO "menu_items" VALUES('menu021','Lemonade','Fresh Lemonade','Homemade lemonade',4.49,'cat004',1,5,'["lemons", "sugar", "water"]','https://images.unsplash.com/photo-1523677011781-c91d1bbe2f9f','2025-11-21 23:47:31.151806','2025-11-21 23:47:31.151824');
INSERT INTO "menu_items" VALUES('menu022','Green Tea','Japanese Green Tea','Premium green tea',3.99,'cat004',1,4,'["green tea leaves"]','https://images.unsplash.com/photo-1556679343-c7306c1976bc','2025-11-21 23:47:31.155577','2025-11-21 23:47:31.155596');
INSERT INTO "menu_items" VALUES('menu023','French Fries','Crispy French Fries','Golden crispy fries',4.99,'cat005',1,10,'["potatoes", "salt"]','https://images.unsplash.com/photo-1573080496219-bb080dd4f877','2025-11-21 23:47:31.159469','2025-11-21 23:47:31.159488');
INSERT INTO "menu_items" VALUES('menu024','Onion Rings','Crispy Onion Rings','Breaded and fried onion rings',5.99,'cat005',1,12,'["onions", "breadcrumbs"]','https://images.unsplash.com/photo-1639024471283-03518883512d','2025-11-21 23:47:31.162667','2025-11-21 23:47:31.162684');
INSERT INTO "menu_items" VALUES('menu025','Coleslaw','Fresh Coleslaw','Creamy cabbage salad',3.99,'cat005',1,5,'["cabbage", "carrots", "mayo"]','https://images.unsplash.com/photo-1626200419199-391ae4be7a41','2025-11-21 23:47:31.165628','2025-11-21 23:47:31.165645');
INSERT INTO "menu_items" VALUES('menu026','Caesar Salad','Classic Caesar','Romaine lettuce with Caesar dressing',7.99,'cat005',1,8,'["romaine", "parmesan", "croutons", "dressing"]','https://images.unsplash.com/photo-1546793665-c74683f339c1','2025-11-21 23:47:31.169224','2025-11-21 23:47:31.169243');
INSERT INTO "menu_items" VALUES('menu027','Mashed Potatoes','Creamy Mash','Smooth mashed potatoes',4.99,'cat005',1,15,'["potatoes", "butter", "milk"]','https://images.unsplash.com/photo-1585307858364-2e6ecb3000c6','2025-11-21 23:47:31.172073','2025-11-21 23:47:31.172089');
INSERT INTO "menu_items" VALUES('menu028','Rice Pilaf','Herb Rice Pilaf','Fluffy rice with herbs',4.49,'cat005',1,20,'["rice", "herbs", "butter"]','https://images.unsplash.com/photo-1516684732162-798a0062be99','2025-11-21 23:47:31.175808','2025-11-21 23:47:31.175826');
CREATE TABLE "orders" ("id" varchar(50) NOT NULL PRIMARY KEY, "fullName" varchar(255) NOT NULL, "phoneNumber" varchar(20) NOT NULL, "address" text NULL, "orderList" text NOT NULL CHECK ((JSON_VALID("orderList") OR "orderList" IS NULL)), "totalFee" decimal NOT NULL, "orderStatus" varchar(20) NOT NULL, "orderType" varchar(20) NOT NULL, "dayKey" varchar(20) NOT NULL, "createdAt" datetime NOT NULL, "updated_at" datetime NOT NULL);
INSERT INTO "orders" VALUES('order001','Tom Brown','+1234567040','741 Ash Blvd','[{"id": "menu019", "name": "Freshly Squeezed OJ", "price": 5.99, "quantity": 1, "total": 5.99}, {"id": "menu009", "name": "Creamy Carbonara", "price": 14.99, "quantity": 2, "total": 29.98}]',35.97,'ready','delivery','20251003','2025-11-21 23:47:31.182072','2025-11-21 23:47:31.182087');
INSERT INTO "orders" VALUES('order002','Mary Martinez','+1234567032','147 Birch Way','[{"id": "menu019", "name": "Freshly Squeezed OJ", "price": 5.99, "quantity": 1, "total": 5.99}, {"id": "menu017", "name": "Homemade Apple Pie", "price": 8.99, "quantity": 1, "total": 8.99}]',14.98,'ready','delivery','20251119','2025-11-21 23:47:31.185565','2025-11-21 23:47:31.185581');
INSERT INTO "orders" VALUES('order003','Jane Smith','+1234567076','321 Elm St','[{"id": "menu002", "name": "Garlic Bread Sticks", "price": 6.99, "quantity": 1, "total": 6.99}, {"id": "menu001", "name": "Vegetable Spring Rolls", "price": 8.99, "quantity": 2, "total": 17.98}, {"id": "menu026", "name": "Classic Caesar", "price": 7.99, "quantity": 3, "total": 23.97}]',48.94,'completed','dine-in','20251008','2025-11-21 23:47:31.189293','2025-11-21 23:47:31.189310');
INSERT INTO "orders" VALUES('order004','James Taylor','+1234567046','456 Oak Ave','[{"id": "menu008", "name": "Classic Beef Burger", "price": 16.99, "quantity": 1, "total": 16.99}, {"id": "menu013", "name": "Rich Chocolate Cake", "price": 8.99, "quantity": 1, "total": 8.99}, {"id": "menu011", "name": "Asian Veggie Stir Fry", "price": 13.99, "quantity": 3, "total": 41.97}, {"id": "menu025", "name": "Fresh Coleslaw", "price": 3.99, "quantity": 2, "total": 7.98}, {"id": "menu004", "name": "Fried Mozzarella", "price": 10.99, "quantity": 3, "total": 32.97}]',108.9,'delivering','takeout','20251022','2025-11-21 23:47:31.191993','2025-11-21 23:47:31.192010');
INSERT INTO "orders" VALUES('order005','Mike Johnson','+1234567043','369 Spruce Pl','[{"id": "menu015", "name": "New York Cheesecake", "price": 10.99, "quantity": 2, "total": 21.98}, {"id": "menu003", "name": "Tomato Bruschetta", "price": 9.99, "quantity": 3, "total": 29.97}, {"id": "menu021", "name": "Fresh Lemonade", "price": 4.49, "quantity": 3, "total": 13.47}, {"id": "menu018", "name": "Coca Cola Classic", "price": 3.99, "quantity": 1, "total": 3.99}]',69.41,'preparing','delivery','20251007','2025-11-21 23:47:31.196062','2025-11-21 23:47:31.196103');
INSERT INTO "orders" VALUES('order006','Tom Brown','+1234567014','987 Cedar Ln','[{"id": "menu023", "name": "Crispy French Fries", "price": 4.99, "quantity": 2, "total": 9.98}, {"id": "menu019", "name": "Freshly Squeezed OJ", "price": 5.99, "quantity": 1, "total": 5.99}, {"id": "menu004", "name": "Fried Mozzarella", "price": 10.99, "quantity": 1, "total": 10.99}, {"id": "menu012", "name": "Baja Fish Tacos", "price": 15.99, "quantity": 1, "total": 15.99}, {"id": "menu022", "name": "Japanese Green Tea", "price": 3.99, "quantity": 1, "total": 3.99}]',46.94,'preparing','delivery','20250930','2025-11-21 23:47:31.200769','2025-11-21 23:47:31.200787');
INSERT INTO "orders" VALUES('order007','James Taylor','+1234567087','741 Ash Blvd','[{"id": "menu013", "name": "Rich Chocolate Cake", "price": 8.99, "quantity": 1, "total": 8.99}, {"id": "menu010", "name": "Grilled Salmon", "price": 22.99, "quantity": 2, "total": 45.98}, {"id": "menu012", "name": "Baja Fish Tacos", "price": 15.99, "quantity": 1, "total": 15.99}, {"id": "menu020", "name": "Cold Brew Coffee", "price": 4.99, "quantity": 2, "total": 9.98}, {"id": "menu015", "name": "New York Cheesecake", "price": 10.99, "quantity": 3, "total": 32.97}]',113.91,'completed','delivery','20251104','2025-11-21 23:47:31.205636','2025-11-21 23:47:31.205655');
INSERT INTO "orders" VALUES('order008','Lisa Anderson','+1234567046','987 Cedar Ln','[{"id": "menu010", "name": "Grilled Salmon", "price": 22.99, "quantity": 1, "total": 22.99}, {"id": "menu007", "name": "Herb Grilled Chicken", "price": 18.99, "quantity": 2, "total": 37.98}, {"id": "menu023", "name": "Crispy French Fries", "price": 4.99, "quantity": 2, "total": 9.98}]',70.95,'preparing','takeout','20251110','2025-11-21 23:47:31.210747','2025-11-21 23:47:31.210766');
INSERT INTO "orders" VALUES('order009','Lisa Anderson','+1234567014','654 Maple Dr','[{"id": "menu022", "name": "Japanese Green Tea", "price": 3.99, "quantity": 1, "total": 3.99}, {"id": "menu012", "name": "Baja Fish Tacos", "price": 15.99, "quantity": 3, "total": 47.97}, {"id": "menu003", "name": "Tomato Bruschetta", "price": 9.99, "quantity": 1, "total": 9.99}, {"id": "menu018", "name": "Coca Cola Classic", "price": 3.99, "quantity": 3, "total": 11.97}]',73.92,'pending','dine-in','20250927','2025-11-21 23:47:31.214829','2025-11-21 23:47:31.214846');
INSERT INTO "orders" VALUES('order010','Lisa Anderson','+1234567019','123 Main St','[{"id": "menu004", "name": "Fried Mozzarella", "price": 10.99, "quantity": 2, "total": 21.98}, {"id": "menu005", "name": "Classic Margherita", "price": 15.99, "quantity": 3, "total": 47.97}, {"id": "menu002", "name": "Garlic Bread Sticks", "price": 6.99, "quantity": 1, "total": 6.99}, {"id": "menu018", "name": "Coca Cola Classic", "price": 3.99, "quantity": 3, "total": 11.97}, {"id": "menu020", "name": "Cold Brew Coffee", "price": 4.99, "quantity": 2, "total": 9.98}]',98.89,'preparing','dine-in','20251104','2025-11-21 23:47:31.218508','2025-11-21 23:47:31.218526');
INSERT INTO "orders" VALUES('order011','Emily Davis','+1234567075','654 Maple Dr','[{"id": "menu017", "name": "Homemade Apple Pie", "price": 8.99, "quantity": 2, "total": 17.98}, {"id": "menu010", "name": "Grilled Salmon", "price": 22.99, "quantity": 1, "total": 22.99}, {"id": "menu024", "name": "Crispy Onion Rings", "price": 5.99, "quantity": 2, "total": 11.98}, {"id": "menu022", "name": "Japanese Green Tea", "price": 3.99, "quantity": 2, "total": 7.98}, {"id": "menu004", "name": "Fried Mozzarella", "price": 10.99, "quantity": 2, "total": 21.98}]',82.91,'cancelled','delivery','20250903','2025-11-21 23:47:31.223083','2025-11-21 23:47:31.223111');
INSERT INTO "orders" VALUES('order012','Emily Davis','+1234567034','258 Willow Ct','[{"id": "menu009", "name": "Creamy Carbonara", "price": 14.99, "quantity": 2, "total": 29.98}, {"id": "menu003", "name": "Tomato Bruschetta", "price": 9.99, "quantity": 1, "total": 9.99}, {"id": "menu006", "name": "Pepperoni Special", "price": 17.99, "quantity": 1, "total": 17.99}, {"id": "menu018", "name": "Coca Cola Classic", "price": 3.99, "quantity": 1, "total": 3.99}, {"id": "menu026", "name": "Classic Caesar", "price": 7.99, "quantity": 3, "total": 23.97}]',85.92,'preparing','delivery','20251028','2025-11-21 23:47:31.226182','2025-11-21 23:47:31.226198');
INSERT INTO "orders" VALUES('order013','Jane Smith','+1234567099','321 Elm St','[{"id": "menu012", "name": "Baja Fish Tacos", "price": 15.99, "quantity": 2, "total": 31.98}, {"id": "menu016", "name": "Vanilla Ice Cream", "price": 6.99, "quantity": 2, "total": 13.98}, {"id": "menu019", "name": "Freshly Squeezed OJ", "price": 5.99, "quantity": 1, "total": 5.99}, {"id": "menu025", "name": "Fresh Coleslaw", "price": 3.99, "quantity": 1, "total": 3.99}]',55.94,'pending','dine-in','20251110','2025-11-21 23:47:31.229749','2025-11-21 23:47:31.229764');
INSERT INTO "orders" VALUES('order014','John Doe','+1234567035','741 Ash Blvd','[{"id": "menu016", "name": "Vanilla Ice Cream", "price": 6.99, "quantity": 1, "total": 6.99}, {"id": "menu018", "name": "Coca Cola Classic", "price": 3.99, "quantity": 3, "total": 11.97}]',18.96,'cancelled','delivery','20251104','2025-11-21 23:47:31.233905','2025-11-21 23:47:31.233920');
INSERT INTO "orders" VALUES('order015','Jane Smith','+1234567006','369 Spruce Pl','[{"id": "menu017", "name": "Homemade Apple Pie", "price": 8.99, "quantity": 2, "total": 17.98}, {"id": "menu026", "name": "Classic Caesar", "price": 7.99, "quantity": 3, "total": 23.97}, {"id": "menu023", "name": "Crispy French Fries", "price": 4.99, "quantity": 1, "total": 4.99}, {"id": "menu004", "name": "Fried Mozzarella", "price": 10.99, "quantity": 2, "total": 21.98}]',68.92,'completed','dine-in','20251116','2025-11-21 23:47:31.238478','2025-11-21 23:47:31.238520');
INSERT INTO "orders" VALUES('order016','Mary Martinez','+1234567058','123 Main St','[{"id": "menu011", "name": "Asian Veggie Stir Fry", "price": 13.99, "quantity": 3, "total": 41.97}, {"id": "menu003", "name": "Tomato Bruschetta", "price": 9.99, "quantity": 1, "total": 9.99}]',51.96,'ready','dine-in','20251113','2025-11-21 23:47:31.242321','2025-11-21 23:47:31.242335');
INSERT INTO "orders" VALUES('order017','Mary Martinez','+1234567019','456 Oak Ave','[{"id": "menu010", "name": "Grilled Salmon", "price": 22.99, "quantity": 2, "total": 45.98}]',45.98,'cancelled','takeout','20250905','2025-11-21 23:47:31.245281','2025-11-21 23:47:31.245295');
INSERT INTO "orders" VALUES('order018','Mike Johnson','+1234567076','456 Oak Ave','[{"id": "menu003", "name": "Tomato Bruschetta", "price": 9.99, "quantity": 1, "total": 9.99}, {"id": "menu001", "name": "Vegetable Spring Rolls", "price": 8.99, "quantity": 3, "total": 26.97}, {"id": "menu004", "name": "Fried Mozzarella", "price": 10.99, "quantity": 3, "total": 32.97}]',69.93,'pending','takeout','20251007','2025-11-21 23:47:31.249000','2025-11-21 23:47:31.249015');
INSERT INTO "orders" VALUES('order019','Mary Martinez','+1234567096','369 Spruce Pl','[{"id": "menu026", "name": "Classic Caesar", "price": 7.99, "quantity": 1, "total": 7.99}, {"id": "menu021", "name": "Fresh Lemonade", "price": 4.49, "quantity": 2, "total": 8.98}, {"id": "menu016", "name": "Vanilla Ice Cream", "price": 6.99, "quantity": 1, "total": 6.99}]',23.96,'delivering','takeout','20250915','2025-11-21 23:47:31.252992','2025-11-21 23:47:31.253009');
INSERT INTO "orders" VALUES('order020','Jane Smith','+1234567093','654 Maple Dr','[{"id": "menu001", "name": "Vegetable Spring Rolls", "price": 8.99, "quantity": 2, "total": 17.98}, {"id": "menu023", "name": "Crispy French Fries", "price": 4.99, "quantity": 2, "total": 9.98}, {"id": "menu020", "name": "Cold Brew Coffee", "price": 4.99, "quantity": 1, "total": 4.99}]',32.95,'confirmed','takeout','20251021','2025-11-21 23:47:31.256042','2025-11-21 23:47:31.256058');
INSERT INTO "orders" VALUES('order021','Jane Smith','+1234567011','123 Main St','[{"id": "menu009", "name": "Creamy Carbonara", "price": 14.99, "quantity": 1, "total": 14.99}, {"id": "menu003", "name": "Tomato Bruschetta", "price": 9.99, "quantity": 2, "total": 19.98}, {"id": "menu027", "name": "Creamy Mash", "price": 4.99, "quantity": 3, "total": 14.97}, {"id": "menu020", "name": "Cold Brew Coffee", "price": 4.99, "quantity": 3, "total": 14.97}]',64.91,'delivering','dine-in','20251116','2025-11-21 23:47:31.259311','2025-11-21 23:47:31.259328');
INSERT INTO "orders" VALUES('order022','Mary Martinez','+1234567083','654 Maple Dr','[{"id": "menu011", "name": "Asian Veggie Stir Fry", "price": 13.99, "quantity": 3, "total": 41.97}]',41.97,'pending','takeout','20251115','2025-11-21 23:47:31.262822','2025-11-21 23:47:31.262838');
INSERT INTO "orders" VALUES('order023','Lisa Anderson','+1234567081','789 Pine Rd','[{"id": "menu010", "name": "Grilled Salmon", "price": 22.99, "quantity": 1, "total": 22.99}, {"id": "menu002", "name": "Garlic Bread Sticks", "price": 6.99, "quantity": 3, "total": 20.97}]',43.96,'pending','dine-in','20250910','2025-11-21 23:47:31.265928','2025-11-21 23:47:31.265944');
INSERT INTO "orders" VALUES('order024','Tom Brown','+1234567001','321 Elm St','[{"id": "menu021", "name": "Fresh Lemonade", "price": 4.49, "quantity": 3, "total": 13.47}, {"id": "menu016", "name": "Vanilla Ice Cream", "price": 6.99, "quantity": 2, "total": 13.98}, {"id": "menu017", "name": "Homemade Apple Pie", "price": 8.99, "quantity": 2, "total": 17.98}, {"id": "menu002", "name": "Garlic Bread Sticks", "price": 6.99, "quantity": 1, "total": 6.99}]',52.42,'completed','delivery','20251023','2025-11-21 23:47:31.268900','2025-11-21 23:47:31.268915');
INSERT INTO "orders" VALUES('order025','Sarah Williams','+1234567023','321 Elm St','[{"id": "menu027", "name": "Creamy Mash", "price": 4.99, "quantity": 1, "total": 4.99}, {"id": "menu026", "name": "Classic Caesar", "price": 7.99, "quantity": 1, "total": 7.99}]',12.98,'cancelled','delivery','20251115','2025-11-21 23:47:31.272487','2025-11-21 23:47:31.272502');
INSERT INTO "orders" VALUES('order026','Jane Smith','+1234567033','321 Elm St','[{"id": "menu020", "name": "Cold Brew Coffee", "price": 4.99, "quantity": 3, "total": 14.97}, {"id": "menu028", "name": "Herb Rice Pilaf", "price": 4.49, "quantity": 3, "total": 13.47}, {"id": "menu002", "name": "Garlic Bread Sticks", "price": 6.99, "quantity": 2, "total": 13.98}, {"id": "menu005", "name": "Classic Margherita", "price": 15.99, "quantity": 2, "total": 31.98}]',74.4,'pending','takeout','20251102','2025-11-21 23:47:31.275874','2025-11-21 23:47:31.275889');
INSERT INTO "orders" VALUES('order027','John Doe','+1234567093','741 Ash Blvd','[{"id": "menu019", "name": "Freshly Squeezed OJ", "price": 5.99, "quantity": 2, "total": 11.98}, {"id": "menu025", "name": "Fresh Coleslaw", "price": 3.99, "quantity": 1, "total": 3.99}]',15.97,'cancelled','takeout','20251108','2025-11-21 23:47:31.279555','2025-11-21 23:47:31.279571');
INSERT INTO "orders" VALUES('order028','Mary Martinez','+1234567085','321 Elm St','[{"id": "menu018", "name": "Coca Cola Classic", "price": 3.99, "quantity": 1, "total": 3.99}]',3.99,'cancelled','dine-in','20250923','2025-11-21 23:47:31.283025','2025-11-21 23:47:31.283040');
INSERT INTO "orders" VALUES('order029','James Taylor','+1234567051','456 Oak Ave','[{"id": "menu021", "name": "Fresh Lemonade", "price": 4.49, "quantity": 1, "total": 4.49}, {"id": "menu008", "name": "Classic Beef Burger", "price": 16.99, "quantity": 2, "total": 33.98}]',38.47,'pending','dine-in','20250914','2025-11-21 23:47:31.285655','2025-11-21 23:47:31.285671');
INSERT INTO "orders" VALUES('order030','John Doe','+1234567020','987 Cedar Ln','[{"id": "menu010", "name": "Grilled Salmon", "price": 22.99, "quantity": 3, "total": 68.97}, {"id": "menu013", "name": "Rich Chocolate Cake", "price": 8.99, "quantity": 2, "total": 17.98}, {"id": "menu009", "name": "Creamy Carbonara", "price": 14.99, "quantity": 3, "total": 44.97}, {"id": "menu027", "name": "Creamy Mash", "price": 4.99, "quantity": 1, "total": 4.99}, {"id": "menu003", "name": "Tomato Bruschetta", "price": 9.99, "quantity": 2, "total": 19.98}]',156.89,'delivering','dine-in','20251025','2025-11-21 23:47:31.289050','2025-11-21 23:47:31.289064');
INSERT INTO "orders" VALUES('order031','Emily Davis','+1234567019','789 Pine Rd','[{"id": "menu014", "name": "Classic Tiramisu", "price": 9.99, "quantity": 3, "total": 29.97}, {"id": "menu028", "name": "Herb Rice Pilaf", "price": 4.49, "quantity": 2, "total": 8.98}, {"id": "menu012", "name": "Baja Fish Tacos", "price": 15.99, "quantity": 3, "total": 47.97}, {"id": "menu021", "name": "Fresh Lemonade", "price": 4.49, "quantity": 1, "total": 4.49}]',91.41,'pending','dine-in','20250828','2025-11-21 23:47:31.291973','2025-11-21 23:47:31.291989');
INSERT INTO "orders" VALUES('order032','James Taylor','+1234567006','369 Spruce Pl','[{"id": "menu015", "name": "New York Cheesecake", "price": 10.99, "quantity": 1, "total": 10.99}, {"id": "menu005", "name": "Classic Margherita", "price": 15.99, "quantity": 1, "total": 15.99}, {"id": "menu020", "name": "Cold Brew Coffee", "price": 4.99, "quantity": 2, "total": 9.98}, {"id": "menu014", "name": "Classic Tiramisu", "price": 9.99, "quantity": 2, "total": 19.98}, {"id": "menu027", "name": "Creamy Mash", "price": 4.99, "quantity": 3, "total": 14.97}]',71.91,'completed','dine-in','20251025','2025-11-21 23:47:31.294855','2025-11-21 23:47:31.294870');
INSERT INTO "orders" VALUES('order033','Jane Smith','+1234567015','147 Birch Way','[{"id": "menu021", "name": "Fresh Lemonade", "price": 4.49, "quantity": 1, "total": 4.49}, {"id": "menu025", "name": "Fresh Coleslaw", "price": 3.99, "quantity": 2, "total": 7.98}, {"id": "menu028", "name": "Herb Rice Pilaf", "price": 4.49, "quantity": 3, "total": 13.47}, {"id": "menu011", "name": "Asian Veggie Stir Fry", "price": 13.99, "quantity": 1, "total": 13.99}, {"id": "menu012", "name": "Baja Fish Tacos", "price": 15.99, "quantity": 2, "total": 31.98}]',71.91,'confirmed','dine-in','20251120','2025-11-21 23:47:31.298568','2025-11-21 23:47:31.298583');
INSERT INTO "orders" VALUES('order034','Lisa Anderson','+1234567088','123 Main St','[{"id": "menu028", "name": "Herb Rice Pilaf", "price": 4.49, "quantity": 3, "total": 13.47}, {"id": "menu006", "name": "Pepperoni Special", "price": 17.99, "quantity": 3, "total": 53.97}, {"id": "menu008", "name": "Classic Beef Burger", "price": 16.99, "quantity": 3, "total": 50.97}]',118.41,'confirmed','dine-in','20251121','2025-11-21 23:47:31.301754','2025-11-21 23:47:31.301771');
INSERT INTO "orders" VALUES('order035','Mike Johnson','+1234567056','654 Maple Dr','[{"id": "menu012", "name": "Baja Fish Tacos", "price": 15.99, "quantity": 3, "total": 47.97}, {"id": "menu027", "name": "Creamy Mash", "price": 4.99, "quantity": 1, "total": 4.99}, {"id": "menu013", "name": "Rich Chocolate Cake", "price": 8.99, "quantity": 3, "total": 26.97}]',79.93,'confirmed','takeout','20251003','2025-11-21 23:47:31.304427','2025-11-21 23:47:31.304443');
INSERT INTO "orders" VALUES('order036','Jane Smith','+1234567067','741 Ash Blvd','[{"id": "menu009", "name": "Creamy Carbonara", "price": 14.99, "quantity": 2, "total": 29.98}, {"id": "menu020", "name": "Cold Brew Coffee", "price": 4.99, "quantity": 2, "total": 9.98}, {"id": "menu002", "name": "Garlic Bread Sticks", "price": 6.99, "quantity": 2, "total": 13.98}, {"id": "menu017", "name": "Homemade Apple Pie", "price": 8.99, "quantity": 3, "total": 26.97}, {"id": "menu015", "name": "New York Cheesecake", "price": 10.99, "quantity": 1, "total": 10.99}]',91.9,'delivering','delivery','20251001','2025-11-21 23:47:31.307649','2025-11-21 23:47:31.307664');
INSERT INTO "orders" VALUES('order037','Jane Smith','+1234567066','258 Willow Ct','[{"id": "menu023", "name": "Crispy French Fries", "price": 4.99, "quantity": 3, "total": 14.97}, {"id": "menu011", "name": "Asian Veggie Stir Fry", "price": 13.99, "quantity": 2, "total": 27.98}]',42.95,'cancelled','delivery','20250920','2025-11-21 23:47:31.310888','2025-11-21 23:47:31.310903');
INSERT INTO "orders" VALUES('order038','John Doe','+1234567020','456 Oak Ave','[{"id": "menu013", "name": "Rich Chocolate Cake", "price": 8.99, "quantity": 1, "total": 8.99}, {"id": "menu025", "name": "Fresh Coleslaw", "price": 3.99, "quantity": 1, "total": 3.99}, {"id": "menu010", "name": "Grilled Salmon", "price": 22.99, "quantity": 3, "total": 68.97}]',81.95,'completed','delivery','20251019','2025-11-21 23:47:31.315127','2025-11-21 23:47:31.315143');
INSERT INTO "orders" VALUES('order039','Sarah Williams','+1234567079','987 Cedar Ln','[{"id": "menu018", "name": "Coca Cola Classic", "price": 3.99, "quantity": 1, "total": 3.99}]',3.99,'completed','takeout','20251031','2025-11-21 23:47:31.317683','2025-11-21 23:47:31.317698');
INSERT INTO "orders" VALUES('order040','James Taylor','+1234567080','456 Oak Ave','[{"id": "menu026", "name": "Classic Caesar", "price": 7.99, "quantity": 2, "total": 15.98}]',15.98,'completed','delivery','20251006','2025-11-21 23:47:31.320779','2025-11-21 23:47:31.320795');
INSERT INTO "orders" VALUES('order041','David Wilson','+1234567044','258 Willow Ct','[{"id": "menu011", "name": "Asian Veggie Stir Fry", "price": 13.99, "quantity": 3, "total": 41.97}]',41.97,'confirmed','takeout','20250918','2025-11-21 23:47:31.323675','2025-11-21 23:47:31.323690');
INSERT INTO "orders" VALUES('order042','Jane Smith','+1234567013','258 Willow Ct','[{"id": "menu014", "name": "Classic Tiramisu", "price": 9.99, "quantity": 2, "total": 19.98}]',19.98,'ready','dine-in','20250908','2025-11-21 23:47:31.328900','2025-11-21 23:47:31.328940');
INSERT INTO "orders" VALUES('order043','David Wilson','+1234567062','654 Maple Dr','[{"id": "menu013", "name": "Rich Chocolate Cake", "price": 8.99, "quantity": 2, "total": 17.98}, {"id": "menu022", "name": "Japanese Green Tea", "price": 3.99, "quantity": 2, "total": 7.98}, {"id": "menu015", "name": "New York Cheesecake", "price": 10.99, "quantity": 2, "total": 21.98}]',47.94,'pending','takeout','20251017','2025-11-21 23:47:31.332921','2025-11-21 23:47:31.332935');
INSERT INTO "orders" VALUES('order044','Mike Johnson','+1234567067','789 Pine Rd','[{"id": "menu024", "name": "Crispy Onion Rings", "price": 5.99, "quantity": 3, "total": 17.97}, {"id": "menu010", "name": "Grilled Salmon", "price": 22.99, "quantity": 2, "total": 45.98}, {"id": "menu007", "name": "Herb Grilled Chicken", "price": 18.99, "quantity": 1, "total": 18.99}]',82.94,'delivering','takeout','20251009','2025-11-21 23:47:31.337364','2025-11-21 23:47:31.337381');
INSERT INTO "orders" VALUES('order045','Emily Davis','+1234567007','987 Cedar Ln','[{"id": "menu005", "name": "Classic Margherita", "price": 15.99, "quantity": 3, "total": 47.97}, {"id": "menu020", "name": "Cold Brew Coffee", "price": 4.99, "quantity": 3, "total": 14.97}]',62.94,'ready','takeout','20251112','2025-11-21 23:47:31.342223','2025-11-21 23:47:31.342239');
INSERT INTO "orders" VALUES('order046','Sarah Williams','+1234567064','123 Main St','[{"id": "menu025", "name": "Fresh Coleslaw", "price": 3.99, "quantity": 3, "total": 11.97}]',11.97,'delivering','delivery','20251112','2025-11-21 23:47:31.345815','2025-11-21 23:47:31.345831');
INSERT INTO "orders" VALUES('order047','Emily Davis','+1234567037','258 Willow Ct','[{"id": "menu013", "name": "Rich Chocolate Cake", "price": 8.99, "quantity": 3, "total": 26.97}, {"id": "menu005", "name": "Classic Margherita", "price": 15.99, "quantity": 3, "total": 47.97}, {"id": "menu014", "name": "Classic Tiramisu", "price": 9.99, "quantity": 1, "total": 9.99}, {"id": "menu016", "name": "Vanilla Ice Cream", "price": 6.99, "quantity": 3, "total": 20.97}]',105.9,'completed','delivery','20251102','2025-11-21 23:47:31.348441','2025-11-21 23:47:31.348460');
INSERT INTO "orders" VALUES('order048','Mike Johnson','+1234567081','741 Ash Blvd','[{"id": "menu016", "name": "Vanilla Ice Cream", "price": 6.99, "quantity": 2, "total": 13.98}]',13.98,'cancelled','takeout','20250901','2025-11-21 23:47:31.352111','2025-11-21 23:47:31.352128');
INSERT INTO "orders" VALUES('order049','Lisa Anderson','+1234567005','123 Main St','[{"id": "menu019", "name": "Freshly Squeezed OJ", "price": 5.99, "quantity": 1, "total": 5.99}, {"id": "menu022", "name": "Japanese Green Tea", "price": 3.99, "quantity": 1, "total": 3.99}]',9.98,'preparing','delivery','20251029','2025-11-21 23:47:31.355899','2025-11-21 23:47:31.355917');
INSERT INTO "orders" VALUES('order050','Jane Smith','+1234567034','789 Pine Rd','[{"id": "menu004", "name": "Fried Mozzarella", "price": 10.99, "quantity": 3, "total": 32.97}, {"id": "menu008", "name": "Classic Beef Burger", "price": 16.99, "quantity": 2, "total": 33.98}]',66.95,'preparing','delivery','20251025','2025-11-21 23:47:31.360045','2025-11-21 23:47:31.360068');
INSERT INTO "orders" VALUES('order051','James Taylor','+1234567004','123 Main St','[{"id": "menu015", "name": "New York Cheesecake", "price": 10.99, "quantity": 1, "total": 10.99}, {"id": "menu017", "name": "Homemade Apple Pie", "price": 8.99, "quantity": 3, "total": 26.97}]',37.96,'completed','takeout','20251017','2025-11-21 23:47:31.363375','2025-11-21 23:47:31.363392');
INSERT INTO "orders" VALUES('order052','Lisa Anderson','+1234567025','369 Spruce Pl','[{"id": "menu012", "name": "Baja Fish Tacos", "price": 15.99, "quantity": 3, "total": 47.97}, {"id": "menu006", "name": "Pepperoni Special", "price": 17.99, "quantity": 3, "total": 53.97}, {"id": "menu008", "name": "Classic Beef Burger", "price": 16.99, "quantity": 1, "total": 16.99}, {"id": "menu014", "name": "Classic Tiramisu", "price": 9.99, "quantity": 1, "total": 9.99}]',128.92,'cancelled','delivery','20250904','2025-11-21 23:47:31.366283','2025-11-21 23:47:31.366298');
INSERT INTO "orders" VALUES('order053','Emily Davis','+1234567035','147 Birch Way','[{"id": "menu011", "name": "Asian Veggie Stir Fry", "price": 13.99, "quantity": 3, "total": 41.97}, {"id": "menu003", "name": "Tomato Bruschetta", "price": 9.99, "quantity": 1, "total": 9.99}, {"id": "menu021", "name": "Fresh Lemonade", "price": 4.49, "quantity": 1, "total": 4.49}, {"id": "menu025", "name": "Fresh Coleslaw", "price": 3.99, "quantity": 2, "total": 7.98}]',64.43,'ready','delivery','20251009','2025-11-21 23:47:31.369120','2025-11-21 23:47:31.369136');
INSERT INTO "orders" VALUES('order054','Jane Smith','+1234567070','321 Elm St','[{"id": "menu026", "name": "Classic Caesar", "price": 7.99, "quantity": 3, "total": 23.97}, {"id": "menu009", "name": "Creamy Carbonara", "price": 14.99, "quantity": 2, "total": 29.98}, {"id": "menu023", "name": "Crispy French Fries", "price": 4.99, "quantity": 3, "total": 14.97}, {"id": "menu019", "name": "Freshly Squeezed OJ", "price": 5.99, "quantity": 2, "total": 11.98}, {"id": "menu013", "name": "Rich Chocolate Cake", "price": 8.99, "quantity": 2, "total": 17.98}]',98.88,'delivering','dine-in','20251013','2025-11-21 23:47:31.372179','2025-11-21 23:47:31.372194');
INSERT INTO "orders" VALUES('order055','David Wilson','+1234567083','321 Elm St','[{"id": "menu014", "name": "Classic Tiramisu", "price": 9.99, "quantity": 3, "total": 29.97}, {"id": "menu021", "name": "Fresh Lemonade", "price": 4.49, "quantity": 1, "total": 4.49}, {"id": "menu022", "name": "Japanese Green Tea", "price": 3.99, "quantity": 2, "total": 7.98}]',42.44,'completed','dine-in','20250905','2025-11-21 23:47:31.375371','2025-11-21 23:47:31.375385');
INSERT INTO "orders" VALUES('order056','Sarah Williams','+1234567024','987 Cedar Ln','[{"id": "menu003", "name": "Tomato Bruschetta", "price": 9.99, "quantity": 3, "total": 29.97}, {"id": "menu017", "name": "Homemade Apple Pie", "price": 8.99, "quantity": 1, "total": 8.99}, {"id": "menu023", "name": "Crispy French Fries", "price": 4.99, "quantity": 1, "total": 4.99}]',43.95,'pending','delivery','20250922','2025-11-21 23:47:31.378824','2025-11-21 23:47:31.378840');
INSERT INTO "orders" VALUES('order057','Sarah Williams','+1234567099','369 Spruce Pl','[{"id": "menu022", "name": "Japanese Green Tea", "price": 3.99, "quantity": 2, "total": 7.98}, {"id": "menu015", "name": "New York Cheesecake", "price": 10.99, "quantity": 2, "total": 21.98}, {"id": "menu004", "name": "Fried Mozzarella", "price": 10.99, "quantity": 1, "total": 10.99}]',40.95,'delivering','delivery','20251102','2025-11-21 23:47:31.381866','2025-11-21 23:47:31.381881');
INSERT INTO "orders" VALUES('order058','Lisa Anderson','+1234567043','456 Oak Ave','[{"id": "menu010", "name": "Grilled Salmon", "price": 22.99, "quantity": 3, "total": 68.97}, {"id": "menu021", "name": "Fresh Lemonade", "price": 4.49, "quantity": 3, "total": 13.47}, {"id": "menu020", "name": "Cold Brew Coffee", "price": 4.99, "quantity": 2, "total": 9.98}, {"id": "menu006", "name": "Pepperoni Special", "price": 17.99, "quantity": 2, "total": 35.98}]',128.4,'preparing','takeout','20250911','2025-11-21 23:47:31.385363','2025-11-21 23:47:31.385380');
INSERT INTO "orders" VALUES('order059','John Doe','+1234567050','789 Pine Rd','[{"id": "menu023", "name": "Crispy French Fries", "price": 4.99, "quantity": 1, "total": 4.99}, {"id": "menu003", "name": "Tomato Bruschetta", "price": 9.99, "quantity": 3, "total": 29.97}, {"id": "menu028", "name": "Herb Rice Pilaf", "price": 4.49, "quantity": 3, "total": 13.47}, {"id": "menu008", "name": "Classic Beef Burger", "price": 16.99, "quantity": 3, "total": 50.97}, {"id": "menu013", "name": "Rich Chocolate Cake", "price": 8.99, "quantity": 2, "total": 17.98}]',117.38,'pending','takeout','20250928','2025-11-21 23:47:31.388772','2025-11-21 23:47:31.388787');
INSERT INTO "orders" VALUES('order060','Mike Johnson','+1234567077','789 Pine Rd','[{"id": "menu009", "name": "Creamy Carbonara", "price": 14.99, "quantity": 3, "total": 44.97}, {"id": "menu005", "name": "Classic Margherita", "price": 15.99, "quantity": 2, "total": 31.98}, {"id": "menu016", "name": "Vanilla Ice Cream", "price": 6.99, "quantity": 1, "total": 6.99}, {"id": "menu024", "name": "Crispy Onion Rings", "price": 5.99, "quantity": 3, "total": 17.97}]',101.91,'ready','delivery','20250823','2025-11-21 23:47:31.392384','2025-11-21 23:47:31.392401');
INSERT INTO "orders" VALUES('order061','John Doe','+1234567025','321 Elm St','[{"id": "menu027", "name": "Creamy Mash", "price": 4.99, "quantity": 2, "total": 9.98}, {"id": "menu007", "name": "Herb Grilled Chicken", "price": 18.99, "quantity": 1, "total": 18.99}, {"id": "menu011", "name": "Asian Veggie Stir Fry", "price": 13.99, "quantity": 2, "total": 27.98}, {"id": "menu017", "name": "Homemade Apple Pie", "price": 8.99, "quantity": 3, "total": 26.97}, {"id": "menu023", "name": "Crispy French Fries", "price": 4.99, "quantity": 2, "total": 9.98}]',93.9,'confirmed','takeout','20250826','2025-11-21 23:47:31.395650','2025-11-21 23:47:31.395666');
INSERT INTO "orders" VALUES('order062','John Doe','+1234567077','258 Willow Ct','[{"id": "menu011", "name": "Asian Veggie Stir Fry", "price": 13.99, "quantity": 2, "total": 27.98}, {"id": "menu007", "name": "Herb Grilled Chicken", "price": 18.99, "quantity": 3, "total": 56.97}, {"id": "menu021", "name": "Fresh Lemonade", "price": 4.49, "quantity": 3, "total": 13.47}, {"id": "menu010", "name": "Grilled Salmon", "price": 22.99, "quantity": 3, "total": 68.97}, {"id": "menu003", "name": "Tomato Bruschetta", "price": 9.99, "quantity": 3, "total": 29.97}]',197.36,'preparing','dine-in','20251114','2025-11-21 23:47:31.399058','2025-11-21 23:47:31.399074');
INSERT INTO "orders" VALUES('order063','James Taylor','+1234567091','123 Main St','[{"id": "menu003", "name": "Tomato Bruschetta", "price": 9.99, "quantity": 2, "total": 19.98}, {"id": "menu001", "name": "Vegetable Spring Rolls", "price": 8.99, "quantity": 2, "total": 17.98}]',37.96,'ready','dine-in','20250903','2025-11-21 23:47:31.402232','2025-11-21 23:47:31.402246');
INSERT INTO "orders" VALUES('order064','Emily Davis','+1234567030','789 Pine Rd','[{"id": "menu017", "name": "Homemade Apple Pie", "price": 8.99, "quantity": 1, "total": 8.99}, {"id": "menu004", "name": "Fried Mozzarella", "price": 10.99, "quantity": 1, "total": 10.99}, {"id": "menu027", "name": "Creamy Mash", "price": 4.99, "quantity": 2, "total": 9.98}]',29.96,'cancelled','takeout','20250924','2025-11-21 23:47:31.405368','2025-11-21 23:47:31.405384');
INSERT INTO "orders" VALUES('order065','Jane Smith','+1234567093','654 Maple Dr','[{"id": "menu010", "name": "Grilled Salmon", "price": 22.99, "quantity": 2, "total": 45.98}, {"id": "menu001", "name": "Vegetable Spring Rolls", "price": 8.99, "quantity": 1, "total": 8.99}, {"id": "menu007", "name": "Herb Grilled Chicken", "price": 18.99, "quantity": 2, "total": 37.98}]',92.95,'preparing','delivery','20250912','2025-11-21 23:47:31.408740','2025-11-21 23:47:31.408754');
INSERT INTO "orders" VALUES('order066','David Wilson','+1234567090','654 Maple Dr','[{"id": "menu010", "name": "Grilled Salmon", "price": 22.99, "quantity": 2, "total": 45.98}, {"id": "menu003", "name": "Tomato Bruschetta", "price": 9.99, "quantity": 3, "total": 29.97}, {"id": "menu005", "name": "Classic Margherita", "price": 15.99, "quantity": 2, "total": 31.98}, {"id": "menu016", "name": "Vanilla Ice Cream", "price": 6.99, "quantity": 1, "total": 6.99}]',114.92,'pending','takeout','20251105','2025-11-21 23:47:31.412433','2025-11-21 23:47:31.412450');
INSERT INTO "orders" VALUES('order067','Jane Smith','+1234567014','147 Birch Way','[{"id": "menu006", "name": "Pepperoni Special", "price": 17.99, "quantity": 1, "total": 17.99}, {"id": "menu021", "name": "Fresh Lemonade", "price": 4.49, "quantity": 3, "total": 13.47}, {"id": "menu012", "name": "Baja Fish Tacos", "price": 15.99, "quantity": 1, "total": 15.99}, {"id": "menu010", "name": "Grilled Salmon", "price": 22.99, "quantity": 2, "total": 45.98}, {"id": "menu028", "name": "Herb Rice Pilaf", "price": 4.49, "quantity": 2, "total": 8.98}]',102.41,'confirmed','delivery','20251003','2025-11-21 23:47:31.416207','2025-11-21 23:47:31.416222');
INSERT INTO "orders" VALUES('order068','Mary Martinez','+1234567057','321 Elm St','[{"id": "menu020", "name": "Cold Brew Coffee", "price": 4.99, "quantity": 1, "total": 4.99}, {"id": "menu016", "name": "Vanilla Ice Cream", "price": 6.99, "quantity": 3, "total": 20.97}]',25.96,'delivering','delivery','20251029','2025-11-21 23:47:31.420658','2025-11-21 23:47:31.420674');
INSERT INTO "orders" VALUES('order069','David Wilson','+1234567053','654 Maple Dr','[{"id": "menu002", "name": "Garlic Bread Sticks", "price": 6.99, "quantity": 2, "total": 13.98}]',13.98,'delivering','takeout','20251030','2025-11-21 23:47:31.423420','2025-11-21 23:47:31.423435');
INSERT INTO "orders" VALUES('order070','Sarah Williams','+1234567062','789 Pine Rd','[{"id": "menu013", "name": "Rich Chocolate Cake", "price": 8.99, "quantity": 2, "total": 17.98}]',17.98,'delivering','delivery','20251105','2025-11-21 23:47:31.426717','2025-11-21 23:47:31.426733');
INSERT INTO "orders" VALUES('order071','Jane Smith','+1234567023','456 Oak Ave','[{"id": "menu022", "name": "Japanese Green Tea", "price": 3.99, "quantity": 2, "total": 7.98}]',7.98,'completed','delivery','20250924','2025-11-21 23:47:31.429814','2025-11-21 23:47:31.429828');
INSERT INTO "orders" VALUES('order072','Mike Johnson','+1234567094','654 Maple Dr','[{"id": "menu006", "name": "Pepperoni Special", "price": 17.99, "quantity": 2, "total": 35.98}]',35.98,'delivering','dine-in','20251027','2025-11-21 23:47:31.433555','2025-11-21 23:47:31.433572');
INSERT INTO "orders" VALUES('order073','Mary Martinez','+1234567028','258 Willow Ct','[{"id": "menu010", "name": "Grilled Salmon", "price": 22.99, "quantity": 3, "total": 68.97}, {"id": "menu013", "name": "Rich Chocolate Cake", "price": 8.99, "quantity": 1, "total": 8.99}, {"id": "menu006", "name": "Pepperoni Special", "price": 17.99, "quantity": 3, "total": 53.97}, {"id": "menu027", "name": "Creamy Mash", "price": 4.99, "quantity": 3, "total": 14.97}, {"id": "menu019", "name": "Freshly Squeezed OJ", "price": 5.99, "quantity": 3, "total": 17.97}]',164.87,'cancelled','takeout','20250823','2025-11-21 23:47:31.436963','2025-11-21 23:47:31.436978');
INSERT INTO "orders" VALUES('order074','Mike Johnson','+1234567077','147 Birch Way','[{"id": "menu006", "name": "Pepperoni Special", "price": 17.99, "quantity": 2, "total": 35.98}, {"id": "menu020", "name": "Cold Brew Coffee", "price": 4.99, "quantity": 2, "total": 9.98}]',45.96,'preparing','dine-in','20251102','2025-11-21 23:47:31.440111','2025-11-21 23:47:31.440127');
INSERT INTO "orders" VALUES('order075','Jane Smith','+1234567097','258 Willow Ct','[{"id": "menu020", "name": "Cold Brew Coffee", "price": 4.99, "quantity": 3, "total": 14.97}]',14.97,'completed','dine-in','20251108','2025-11-21 23:47:31.443527','2025-11-21 23:47:31.443541');
INSERT INTO "orders" VALUES('order076','John Doe','+1234567042','321 Elm St','[{"id": "menu022", "name": "Japanese Green Tea", "price": 3.99, "quantity": 2, "total": 7.98}, {"id": "menu014", "name": "Classic Tiramisu", "price": 9.99, "quantity": 1, "total": 9.99}, {"id": "menu011", "name": "Asian Veggie Stir Fry", "price": 13.99, "quantity": 3, "total": 41.97}, {"id": "menu026", "name": "Classic Caesar", "price": 7.99, "quantity": 2, "total": 15.98}]',75.92,'confirmed','dine-in','20251115','2025-11-21 23:47:31.446841','2025-11-21 23:47:31.446856');
INSERT INTO "orders" VALUES('order077','Sarah Williams','+1234567010','369 Spruce Pl','[{"id": "menu019", "name": "Freshly Squeezed OJ", "price": 5.99, "quantity": 3, "total": 17.97}, {"id": "menu001", "name": "Vegetable Spring Rolls", "price": 8.99, "quantity": 2, "total": 17.98}, {"id": "menu016", "name": "Vanilla Ice Cream", "price": 6.99, "quantity": 2, "total": 13.98}, {"id": "menu022", "name": "Japanese Green Tea", "price": 3.99, "quantity": 3, "total": 11.97}]',61.9,'preparing','takeout','20251016','2025-11-21 23:47:31.449879','2025-11-21 23:47:31.449894');
INSERT INTO "orders" VALUES('order078','Lisa Anderson','+1234567099','987 Cedar Ln','[{"id": "menu019", "name": "Freshly Squeezed OJ", "price": 5.99, "quantity": 2, "total": 11.98}]',11.98,'cancelled','takeout','20251024','2025-11-21 23:47:31.453405','2025-11-21 23:47:31.453420');
INSERT INTO "orders" VALUES('order079','Tom Brown','+1234567057','654 Maple Dr','[{"id": "menu019", "name": "Freshly Squeezed OJ", "price": 5.99, "quantity": 3, "total": 17.97}]',17.97,'delivering','delivery','20251108','2025-11-21 23:47:31.455955','2025-11-21 23:47:31.455970');
INSERT INTO "orders" VALUES('order080','Sarah Williams','+1234567005','321 Elm St','[{"id": "menu023", "name": "Crispy French Fries", "price": 4.99, "quantity": 1, "total": 4.99}, {"id": "menu016", "name": "Vanilla Ice Cream", "price": 6.99, "quantity": 3, "total": 20.97}, {"id": "menu021", "name": "Fresh Lemonade", "price": 4.49, "quantity": 1, "total": 4.49}, {"id": "menu020", "name": "Cold Brew Coffee", "price": 4.99, "quantity": 2, "total": 9.98}, {"id": "menu028", "name": "Herb Rice Pilaf", "price": 4.49, "quantity": 1, "total": 4.49}]',44.92,'confirmed','delivery','20251014','2025-11-21 23:47:31.458970','2025-11-21 23:47:31.458987');
INSERT INTO "orders" VALUES('order081','Jane Smith','+1234567019','741 Ash Blvd','[{"id": "menu020", "name": "Cold Brew Coffee", "price": 4.99, "quantity": 3, "total": 14.97}, {"id": "menu028", "name": "Herb Rice Pilaf", "price": 4.49, "quantity": 3, "total": 13.47}]',28.44,'cancelled','delivery','20251101','2025-11-21 23:47:31.462279','2025-11-21 23:47:31.462295');
INSERT INTO "orders" VALUES('order082','Mike Johnson','+1234567004','654 Maple Dr','[{"id": "menu020", "name": "Cold Brew Coffee", "price": 4.99, "quantity": 2, "total": 9.98}, {"id": "menu019", "name": "Freshly Squeezed OJ", "price": 5.99, "quantity": 3, "total": 17.97}, {"id": "menu011", "name": "Asian Veggie Stir Fry", "price": 13.99, "quantity": 1, "total": 13.99}, {"id": "menu002", "name": "Garlic Bread Sticks", "price": 6.99, "quantity": 1, "total": 6.99}]',48.93,'confirmed','takeout','20250909','2025-11-21 23:47:31.465169','2025-11-21 23:47:31.465183');
INSERT INTO "orders" VALUES('order083','Lisa Anderson','+1234567084','654 Maple Dr','[{"id": "menu004", "name": "Fried Mozzarella", "price": 10.99, "quantity": 3, "total": 32.97}, {"id": "menu022", "name": "Japanese Green Tea", "price": 3.99, "quantity": 3, "total": 11.97}, {"id": "menu018", "name": "Coca Cola Classic", "price": 3.99, "quantity": 2, "total": 7.98}, {"id": "menu023", "name": "Crispy French Fries", "price": 4.99, "quantity": 1, "total": 4.99}, {"id": "menu003", "name": "Tomato Bruschetta", "price": 9.99, "quantity": 1, "total": 9.99}]',67.9,'pending','takeout','20250825','2025-11-21 23:47:31.468842','2025-11-21 23:47:31.468858');
INSERT INTO "orders" VALUES('order084','John Doe','+1234567026','369 Spruce Pl','[{"id": "menu001", "name": "Vegetable Spring Rolls", "price": 8.99, "quantity": 3, "total": 26.97}, {"id": "menu011", "name": "Asian Veggie Stir Fry", "price": 13.99, "quantity": 1, "total": 13.99}]',40.96,'preparing','delivery','20251102','2025-11-21 23:47:31.471778','2025-11-21 23:47:31.471794');
INSERT INTO "orders" VALUES('order085','John Doe','+1234567057','789 Pine Rd','[{"id": "menu019", "name": "Freshly Squeezed OJ", "price": 5.99, "quantity": 3, "total": 17.97}, {"id": "menu020", "name": "Cold Brew Coffee", "price": 4.99, "quantity": 2, "total": 9.98}, {"id": "menu007", "name": "Herb Grilled Chicken", "price": 18.99, "quantity": 1, "total": 18.99}]',46.94,'confirmed','dine-in','20250912','2025-11-21 23:47:31.477685','2025-11-21 23:47:31.477701');
INSERT INTO "orders" VALUES('order086','Tom Brown','+1234567093','741 Ash Blvd','[{"id": "menu017", "name": "Homemade Apple Pie", "price": 8.99, "quantity": 3, "total": 26.97}]',26.97,'pending','dine-in','20251013','2025-11-21 23:47:31.481344','2025-11-21 23:47:31.481361');
INSERT INTO "orders" VALUES('order087','Sarah Williams','+1234567023','258 Willow Ct','[{"id": "menu001", "name": "Vegetable Spring Rolls", "price": 8.99, "quantity": 2, "total": 17.98}, {"id": "menu010", "name": "Grilled Salmon", "price": 22.99, "quantity": 2, "total": 45.98}]',63.96,'cancelled','takeout','20251114','2025-11-21 23:47:31.484928','2025-11-21 23:47:31.484942');
INSERT INTO "orders" VALUES('order088','John Doe','+1234567099','147 Birch Way','[{"id": "menu024", "name": "Crispy Onion Rings", "price": 5.99, "quantity": 2, "total": 11.98}, {"id": "menu008", "name": "Classic Beef Burger", "price": 16.99, "quantity": 1, "total": 16.99}]',28.97,'completed','takeout','20251113','2025-11-21 23:47:31.488913','2025-11-21 23:47:31.488930');
INSERT INTO "orders" VALUES('order089','Jane Smith','+1234567075','321 Elm St','[{"id": "menu007", "name": "Herb Grilled Chicken", "price": 18.99, "quantity": 3, "total": 56.97}, {"id": "menu005", "name": "Classic Margherita", "price": 15.99, "quantity": 3, "total": 47.97}, {"id": "menu009", "name": "Creamy Carbonara", "price": 14.99, "quantity": 1, "total": 14.99}, {"id": "menu014", "name": "Classic Tiramisu", "price": 9.99, "quantity": 2, "total": 19.98}, {"id": "menu023", "name": "Crispy French Fries", "price": 4.99, "quantity": 2, "total": 9.98}]',149.89,'cancelled','takeout','20251015','2025-11-21 23:47:31.491686','2025-11-21 23:47:31.491700');
INSERT INTO "orders" VALUES('order090','Mike Johnson','+1234567010','456 Oak Ave','[{"id": "menu011", "name": "Asian Veggie Stir Fry", "price": 13.99, "quantity": 2, "total": 27.98}, {"id": "menu013", "name": "Rich Chocolate Cake", "price": 8.99, "quantity": 3, "total": 26.97}, {"id": "menu004", "name": "Fried Mozzarella", "price": 10.99, "quantity": 3, "total": 32.97}, {"id": "menu010", "name": "Grilled Salmon", "price": 22.99, "quantity": 3, "total": 68.97}, {"id": "menu005", "name": "Classic Margherita", "price": 15.99, "quantity": 3, "total": 47.97}]',204.86,'preparing','dine-in','20251114','2025-11-21 23:47:31.494716','2025-11-21 23:47:31.494732');
INSERT INTO "orders" VALUES('order091','James Taylor','+1234567036','456 Oak Ave','[{"id": "menu016", "name": "Vanilla Ice Cream", "price": 6.99, "quantity": 3, "total": 20.97}, {"id": "menu022", "name": "Japanese Green Tea", "price": 3.99, "quantity": 3, "total": 11.97}, {"id": "menu023", "name": "Crispy French Fries", "price": 4.99, "quantity": 2, "total": 9.98}, {"id": "menu008", "name": "Classic Beef Burger", "price": 16.99, "quantity": 2, "total": 33.98}]',76.9,'delivering','dine-in','20251103','2025-11-21 23:47:31.498360','2025-11-21 23:47:31.498375');
INSERT INTO "orders" VALUES('order092','David Wilson','+1234567084','147 Birch Way','[{"id": "menu028", "name": "Herb Rice Pilaf", "price": 4.49, "quantity": 2, "total": 8.98}, {"id": "menu013", "name": "Rich Chocolate Cake", "price": 8.99, "quantity": 3, "total": 26.97}, {"id": "menu023", "name": "Crispy French Fries", "price": 4.99, "quantity": 3, "total": 14.97}]',50.92,'preparing','dine-in','20251017','2025-11-21 23:47:31.502272','2025-11-21 23:47:31.502288');
INSERT INTO "orders" VALUES('order093','David Wilson','+1234567049','147 Birch Way','[{"id": "menu016", "name": "Vanilla Ice Cream", "price": 6.99, "quantity": 1, "total": 6.99}, {"id": "menu025", "name": "Fresh Coleslaw", "price": 3.99, "quantity": 2, "total": 7.98}, {"id": "menu012", "name": "Baja Fish Tacos", "price": 15.99, "quantity": 2, "total": 31.98}, {"id": "menu007", "name": "Herb Grilled Chicken", "price": 18.99, "quantity": 2, "total": 37.98}]',84.93,'completed','delivery','20250915','2025-11-21 23:47:31.505741','2025-11-21 23:47:31.505755');
INSERT INTO "orders" VALUES('order094','Tom Brown','+1234567020','456 Oak Ave','[{"id": "menu008", "name": "Classic Beef Burger", "price": 16.99, "quantity": 1, "total": 16.99}, {"id": "menu026", "name": "Classic Caesar", "price": 7.99, "quantity": 3, "total": 23.97}, {"id": "menu024", "name": "Crispy Onion Rings", "price": 5.99, "quantity": 1, "total": 5.99}]',46.95,'ready','delivery','20251114','2025-11-21 23:47:31.508923','2025-11-21 23:47:31.508939');
INSERT INTO "orders" VALUES('order095','David Wilson','+1234567080','147 Birch Way','[{"id": "menu019", "name": "Freshly Squeezed OJ", "price": 5.99, "quantity": 2, "total": 11.98}, {"id": "menu004", "name": "Fried Mozzarella", "price": 10.99, "quantity": 3, "total": 32.97}, {"id": "menu015", "name": "New York Cheesecake", "price": 10.99, "quantity": 1, "total": 10.99}, {"id": "menu002", "name": "Garlic Bread Sticks", "price": 6.99, "quantity": 2, "total": 13.98}]',69.92,'cancelled','delivery','20251029','2025-11-21 23:47:31.512171','2025-11-21 23:47:31.512185');
INSERT INTO "orders" VALUES('order096','David Wilson','+1234567086','654 Maple Dr','[{"id": "menu004", "name": "Fried Mozzarella", "price": 10.99, "quantity": 2, "total": 21.98}, {"id": "menu014", "name": "Classic Tiramisu", "price": 9.99, "quantity": 1, "total": 9.99}, {"id": "menu024", "name": "Crispy Onion Rings", "price": 5.99, "quantity": 2, "total": 11.98}, {"id": "menu012", "name": "Baja Fish Tacos", "price": 15.99, "quantity": 1, "total": 15.99}, {"id": "menu028", "name": "Herb Rice Pilaf", "price": 4.49, "quantity": 3, "total": 13.47}]',73.41,'cancelled','takeout','20251027','2025-11-21 23:47:31.515990','2025-11-21 23:47:31.516006');
INSERT INTO "orders" VALUES('order097','John Doe','+1234567063','987 Cedar Ln','[{"id": "menu004", "name": "Fried Mozzarella", "price": 10.99, "quantity": 2, "total": 21.98}, {"id": "menu024", "name": "Crispy Onion Rings", "price": 5.99, "quantity": 1, "total": 5.99}]',27.97,'cancelled','dine-in','20251020','2025-11-21 23:47:31.519208','2025-11-21 23:47:31.519224');
INSERT INTO "orders" VALUES('order098','Mary Martinez','+1234567053','456 Oak Ave','[{"id": "menu003", "name": "Tomato Bruschetta", "price": 9.99, "quantity": 1, "total": 9.99}, {"id": "menu018", "name": "Coca Cola Classic", "price": 3.99, "quantity": 3, "total": 11.97}, {"id": "menu020", "name": "Cold Brew Coffee", "price": 4.99, "quantity": 3, "total": 14.97}]',36.93,'completed','takeout','20251104','2025-11-21 23:47:31.522249','2025-11-21 23:47:31.522265');
INSERT INTO "orders" VALUES('order099','Lisa Anderson','+1234567015','321 Elm St','[{"id": "menu016", "name": "Vanilla Ice Cream", "price": 6.99, "quantity": 2, "total": 13.98}, {"id": "menu008", "name": "Classic Beef Burger", "price": 16.99, "quantity": 1, "total": 16.99}, {"id": "menu006", "name": "Pepperoni Special", "price": 17.99, "quantity": 3, "total": 53.97}, {"id": "menu003", "name": "Tomato Bruschetta", "price": 9.99, "quantity": 1, "total": 9.99}, {"id": "menu013", "name": "Rich Chocolate Cake", "price": 8.99, "quantity": 2, "total": 17.98}]',112.91,'cancelled','dine-in','20251116','2025-11-21 23:47:31.524933','2025-11-21 23:47:31.524948');
INSERT INTO "orders" VALUES('order100','David Wilson','+1234567093','123 Main St','[{"id": "menu023", "name": "Crispy French Fries", "price": 4.99, "quantity": 2, "total": 9.98}]',9.98,'completed','takeout','20251022','2025-11-21 23:47:31.527848','2025-11-21 23:47:31.527862');
CREATE TABLE "settings" ("key" varchar(100) NOT NULL PRIMARY KEY, "value" text NOT NULL CHECK ((JSON_VALID("value") OR "value" IS NULL)), "description" text NULL, "updated_at" datetime NOT NULL);
CREATE TABLE "users" ("id" varchar(50) NOT NULL PRIMARY KEY, "fullName" varchar(255) NULL, "name" varchar(255) NULL, "email" varchar(254) NULL UNIQUE, "phoneNumber" varchar(20) NULL, "phone" varchar(20) NULL, "address" text NULL, "bio" text NULL, "role" varchar(20) NOT NULL, "status" varchar(20) NOT NULL, "avatar" text NULL, "password_hash" varchar(255) NULL, "login_attempts" integer NOT NULL, "createdAt" datetime NOT NULL, "created_at" datetime NOT NULL, "lastLogin" datetime NULL, "updated_at" datetime NOT NULL);
INSERT INTO "users" VALUES('admin01','Admin User','admin','admin@resto.com','+1234567890',NULL,NULL,NULL,'ADMIN','active','https://ui-avatars.com/api/?name=Admin+User&background=4F46E5&color=fff','240be518fabd2724ddb6f04eeb1da5967448d7e831c08c8fa822809f74c720a9',0,'2025-11-21 23:47:31.051483','2025-11-21 23:47:31.051528','2025-11-21 21:47:31.050728','2025-11-22 00:11:32.681821');
INSERT INTO "users" VALUES('admin02','Second Admin',NULL,'admin2@resto.com','0987654321',NULL,NULL,NULL,'ADMIN','active',NULL,'240be518fabd2724ddb6f04eeb1da5967448d7e831c08c8fa822809f74c720a9',0,'2025-11-22 00:05:26.258378','2025-11-22 00:05:26.258406',NULL,'2025-11-22 00:05:26.258420');
CREATE UNIQUE INDEX "auth_group_permissions_group_id_permission_id_0cd325b0_uniq" ON "auth_group_permissions" ("group_id", "permission_id");
CREATE INDEX "auth_group_permissions_group_id_b120cbf9" ON "auth_group_permissions" ("group_id");
CREATE INDEX "auth_group_permissions_permission_id_84c5c92e" ON "auth_group_permissions" ("permission_id");
CREATE UNIQUE INDEX "auth_user_groups_user_id_group_id_94350c0c_uniq" ON "auth_user_groups" ("user_id", "group_id");
CREATE INDEX "auth_user_groups_user_id_6a12ed8b" ON "auth_user_groups" ("user_id");
CREATE INDEX "auth_user_groups_group_id_97559544" ON "auth_user_groups" ("group_id");
CREATE UNIQUE INDEX "auth_user_user_permissions_user_id_permission_id_14a6b632_uniq" ON "auth_user_user_permissions" ("user_id", "permission_id");
CREATE INDEX "auth_user_user_permissions_user_id_a95ead1b" ON "auth_user_user_permissions" ("user_id");
CREATE INDEX "auth_user_user_permissions_permission_id_1fbb5f2c" ON "auth_user_user_permissions" ("permission_id");
CREATE INDEX "django_admin_log_content_type_id_c4bce8eb" ON "django_admin_log" ("content_type_id");
CREATE INDEX "django_admin_log_user_id_c564eba6" ON "django_admin_log" ("user_id");
CREATE UNIQUE INDEX "django_content_type_app_label_model_76bd3d3b_uniq" ON "django_content_type" ("app_label", "model");
CREATE UNIQUE INDEX "auth_permission_content_type_id_codename_01ab375a_uniq" ON "auth_permission" ("content_type_id", "codename");
CREATE INDEX "auth_permission_content_type_id_2f476e4b" ON "auth_permission" ("content_type_id");
CREATE INDEX "django_session_expire_date_a5c62663" ON "django_session" ("expire_date");
DELETE FROM "sqlite_sequence";
INSERT INTO "sqlite_sequence" VALUES('django_migrations',19);
INSERT INTO "sqlite_sequence" VALUES('django_admin_log',0);
INSERT INTO "sqlite_sequence" VALUES('django_content_type',24);
INSERT INTO "sqlite_sequence" VALUES('auth_permission',96);
INSERT INTO "sqlite_sequence" VALUES('auth_group',0);
INSERT INTO "sqlite_sequence" VALUES('auth_user',2);
COMMIT;
